"#","Course Name","Group / Batch","Reflection Question 1","Reflection Question 2","Reflection Question 3","Notes","Done?","check for cnd (dont touch)"
"1","Research Methodology Course (RMC)","Completed Redesigns","Has this course changed the way you think about research or evidence in clinical practice? What stood out to you the most?","What research question or idea are you most interested in exploring further, and what inspired that interest?","Which part of the research process did you find most relevant to your own goals or setting?","","FALSE","FALSE"
"2","Essential Emergency & Critical Care (EECC)","Completed Redesigns","Think of a critically ill patient you've cared for. What aspect of their emergency management felt most challenging, and how does this course change how you'd approach it?","What is the biggest barrier to delivering good emergency and critical care in your setting? How have you or your team tried to work around it?","","Reflection Forum not created yet.","FALSE","FALSE"
"3","Certificate in Community Engagement & Involvement for Surgical Research","Completed Redesigns","What key concepts or definitions did you learn (for example, CEI, participation, engagement, involvement)? ","How did the module shape your understanding of involving patients, carers, and communities in surgical research?","","","FALSE","FALSE"
"4","Appendicitis","Completed Redesigns","Think of a patient you've seen with acute abdominal pain. What clinical signs helped guide your diagnosis, and was there anything that made it difficult?","How does your facility currently manage acute appendicitis, and are there gaps in care that you would like to see improved?","","Reflection Forum not created yet.","FALSE","FALSE"
"5","Laparoscopic Handling of the Small Bowel","Completed Redesigns","Have you had experience with laparoscopic bowel surgery? What did you find most technically challenging about handling the small bowel?","What resources or training would help you feel more confident with laparoscopic small bowel procedures in your setting?","","Reflection Forum not created yet.","FALSE","FALSE"
"6","Trocar Placement","Completed Redesigns","Reflect on your first experience with trocar placement. What did you find most difficult, and what would you do differently now?","How do you currently decide on trocar placement for different procedures, and how has this course influenced your thinking?","","Reflection Forum not created yet.","FALSE","FALSE"
"7","Ectopic Pregnancy","Completed Redesigns","Have you managed a patient with ectopic pregnancy? What was most challenging about their care, and what was the outcome?","What barriers in your setting might delay diagnosis and treatment of ectopic pregnancy, and what practical steps could address them?","","Reflection Forum not created yet.","FALSE","FALSE"
"8","Penetrating Thoracoabdominal Trauma","Completed Redesigns","Think of a patient you've seen with penetrating trauma to the chest or abdomen. What were your immediate priorities in their management?","What resources does your facility have for managing penetrating trauma, and what gaps affect patient outcomes in your setting?","","Reflection Forum not created yet.","FALSE","FALSE"
"9","Laparoscopic Cholecystectomy","Completed Redesigns","Reflect on a laparoscopic cholecystectomy you've performed or observed. What aspect of the procedure felt most technically demanding?","How do you ensure safe dissection in the hepatocystic triangle in your practice, and what do you do when the anatomy is unclear?","","Reflection Forum not created yet.","FALSE","FALSE"
"10","Introduction to Musculoskeletal Tumour Surgery","Completed Redesigns","Have you encountered a patient with a suspected musculoskeletal tumour in your practice? How did you approach their diagnosis and initial management?","What challenges do patients with musculoskeletal tumours face in accessing specialised care in your region, and how do you navigate these?","","Reflection Forum not created yet.","FALSE","FALSE"
"11","Navigating the Global Surgery Ecosystem","Completed Redesigns","","","","Multiple reflection forums.","FALSE","FALSE"
"12","Hemorrhage Control in the Prehospital Setting","Completed Redesigns","Have you ever had to manage life-threatening bleeding before reaching a health facility? What actions did you take, and what resources did you wish you had?","What training do first responders and healthcare workers in your setting receive for prehospital hemorrhage control, and what improvements would you recommend?","","Reflection Forum not created yet.","FALSE","FALSE"
"13","Trauma and Disaster Team Response","Completed Redesigns","What key concepts did you learn about trauma care, disaster response, and team roles?  ","How did the module shape your understanding of working within a multidisciplinary trauma team?","","","FALSE","FALSE"
"14","Intervention de Traumatologie et de Catastrophe en Equipe","Completed Redesigns","Quels concepts clés avez-vous appris concernant la prise en charge des traumatismes, l'intervention en cas de catastrophe et les rôles au sein d'une équipe ?  ","En quoi ce module a-t-il influencé votre compréhension du travail au sein d'une équipe multidisciplinaire de prise en charge des traumatismes ?","French version","","FALSE","FALSE"
"15","Complex Lower Extremity Trauma – Femoral Neck Fractures","Completed Redesigns","Think of a patient you've managed with a femoral neck fracture. What factors influenced your decision between fixation and arthroplasty?","What challenges does your facility face in managing femoral neck fractures — whether related to equipment, timing, or postoperative care?","","Reflection Forum not created yet.","FALSE","FALSE"
"16","Complex Lower Extremity Trauma – Acetabular Fractures","Completed Redesigns","Have you managed or referred a patient with an acetabular fracture? What was most complex about their case?","What does access to specialised orthopaedic trauma care look like in your setting, and how does this affect outcomes for patients with acetabular fractures?","","Reflection Forum not created yet.","FALSE","FALSE"
"17","Apprendre et Transmettre l'Anesthésie Locorégionale Echoguidée en toute Sécurité","Completed Redesigns","How do you currently teach or learn ultrasound-guided regional anaesthesia in your setting? What has worked well and what has been difficult?","Think about a regional anaesthesia block you've performed or supervised. What was the most challenging part of ensuring both safety and effectiveness?","French course","","FALSE","FALSE"
"18","Nursing Care in War","Completed Redesigns","Have you ever worked in a high-acuity or conflict-affected setting? What aspects of nursing care were hardest to maintain under those conditions?","What principles from this course do you think are most important for nurses to apply when working in crisis or conflict environments?","","","FALSE","FALSE"
"19","Surgical Foundations","Completed Redesigns","Which foundational surgical principle from this course do you feel is most often overlooked in your day-to-day practice, and why?","How do you approach teaching surgical fundamentals to junior colleagues or students in your setting?","","","FALSE","FALSE"
"20","Anaesthesia in War","Completed Redesigns","Have you worked in a resource-limited or high-pressure environment where standard anaesthesia equipment or drugs were unavailable? How did you adapt?","What do you think is the most critical skill for an anaesthesia provider working in a conflict or austere setting, and how well prepared do you feel?","","","FALSE","FALSE"
"21","Key Concepts in the Perioperative Management of Spinal Cord Injuries","Completed Redesigns","Have you cared for a patient with a spinal cord injury in the perioperative period? What aspect of their management felt most complex?","What challenges does your facility face in providing safe anaesthesia and perioperative care for patients with spinal cord injuries?","","","FALSE","FALSE"
"22","Fundamentals of War Surgery","Completed Redesigns","Have you ever had to perform surgery under austere or resource-limited conditions? What was the hardest part about adapting your approach?","Which principle of war surgery do you think is most applicable to everyday surgical practice in your setting, even outside of conflict?","","","FALSE","FALSE"
"23","Rapid Sequence Induction","Completed Redesigns","Think about a time you performed or assisted with a rapid sequence induction. What went smoothly, and what would you approach differently?","What is the most common scenario in your practice where RSI is needed, and how confident are you in managing it if complications arise?","","","FALSE","FALSE"
"24","The Labour Epidural: Troubleshooting","Completed Redesigns","Think of a case where a labour epidural was not working as expected. What did you do to troubleshoot it, and what was the outcome?","What is the most common epidural complication you encounter in your practice, and how do you currently manage it?","","","FALSE","FALSE"
"25","Scalp Reconstruction","Completed Redesigns","Think about a patient who needed scalp reconstruction after trauma or tumour removal. What factors most influenced your choice of technique?","What reconstructive options are realistically available to you in your practice, and how do you adapt when your first-choice approach isn't possible?","","","FALSE","FALSE"
"26","Anaesthetic Considerations for Vaginal Birth After Caesarean Delivery","Completed Redesigns","Have you provided anaesthesia for a patient attempting a vaginal birth after caesarean? What was your biggest concern going into that case?","How do you currently counsel patients about the anaesthetic risks of VBAC in your setting, and what factors most influence your approach?","","","FALSE","FALSE"
"27","Patient-Centred Care","Completed Redesigns","Think of a time when you felt you truly understood what mattered most to a patient. What made that interaction different, and how did it affect their care?","What is one thing you could change in your day-to-day practice to make your care feel more patient-centred, even with limited time or resources?","","","FALSE","FALSE"
"28","Lumbar Plexus Block – Landmark Technique (PSOAS Compartment Block)","Completed Redesigns","Have you performed or observed a lumbar plexus block? What was the most challenging aspect of the landmark technique in practice?","How does regional anaesthesia fit into your current approach to postoperative pain management for lower limb surgery, and what limits its use in your setting?","","","FALSE","FALSE"
"29","Exploring Perioperative Nursing","Completed Redesigns","Think about a patient whose perioperative journey stood out to you — something went unexpectedly well or unexpectedly wrong. What role did nursing care play in that outcome?","Which part of the perioperative nursing role do you find most challenging in your setting, and what support would make the biggest difference?","","","FALSE","FALSE"
"30","Essential Burn Care (EBC)","Batch 1","Think about a patient you've seen with a mild or moderate burn injury. How confident did you feel in their assessment and treatment, and what would you do differently now that you've completed this course?","Burn injuries are largely preventable. What are the most common causes of burns in the patients you see, and is there anything your facility or community could realistically do to reduce them?","","","FALSE","FALSE"
"31","Blood Sparing Techniques in Paediatric Anaesthesia","Batch 1","Have you cared for a child who required blood transfusion during surgery? Reflecting on that case, were there opportunities to reduce blood loss that weren't taken?","What blood conservation strategies are currently used in your facility for paediatric patients, and what barriers prevent wider use of these techniques?","","Reflection Forum not created.","FALSE","FALSE"
"32","Transversus Abdominis Plane (TAP) Block","Batch 1","Have you used or observed a TAP block in clinical practice? How effective was it for postoperative pain management, and what challenges came up?","How does access to ultrasound guidance in your setting affect your ability to offer regional anaesthesia techniques like the TAP block to your patients?","","Reflection Forum not created.","FALSE","FALSE"
"33","Anaesthesia for Caesarean Delivery","Batch 1","Think about a caesarean delivery you've anaesthetised. What factors influenced your choice between spinal, epidural, or general anaesthesia?","What is the most common anaesthetic challenge you face during caesarean deliveries in your setting, and how do you manage it?","","","FALSE","FALSE"
"34","Fascia Iliaca Compartment Block: Landmark And Ultrasound Approach","Batch 1","Have you performed or assisted with a fascia iliaca block? What differences did you notice between the landmark and ultrasound-guided approaches?","How do you currently manage acute pain from hip or femoral fractures in your facility, and how might this block improve care for those patients?","","Reflection Forum not created.","FALSE","FALSE"
"35","Burns: Wound Care and Pain Management","Batch 2","Think of a burn patient you've cared for. What was the most difficult part of managing their wound care, and how did you address it?","How do you currently approach pain management for burn patients in your setting, and what changes would improve their comfort and recovery?","","","FALSE","TRUE"
"36","Common Intraoperative Problems","Batch 2","Have you encountered an unexpected intraoperative complication? How did you respond, and what would you do differently with the knowledge from this course?","Which intraoperative problem do you feel least prepared to manage in your current practice, and what would help you feel more confident?","","","FALSE","FALSE"
"37","Microsurgery Workhorse Flaps","Batch 2","Have you been involved in a free flap reconstruction case? What aspect of microsurgery did you find most technically demanding?","What factors in your setting — equipment, team experience, postoperative monitoring — affect your ability to offer free flap reconstruction to patients?","","","FALSE","FALSE"
"38","A Crash Course in Facial Fractures","Batch 2","Think of a patient you've seen with facial trauma. How confident did you feel assessing and planning their management, and what would have helped you more?","What is the most common type of facial fracture you encounter in your practice, and how does your facility currently manage it?","","Questions need to be added into the reflection forum.","FALSE","FALSE"
"39","Tranexamic Acid","Batch 2","Have you used tranexamic acid in a bleeding emergency or surgical case? What was the outcome, and did anything about how you use it change after this course?","Is tranexamic acid routinely available and used in your facility? If not, what barriers exist, and how might wider use improve patient outcomes?","","","FALSE","FALSE"
"40","Acide Tranexamique","","Avez-vous déjà utilisé l'acide tranexamique dans le cadre d'une urgence hémorragique ou d'une intervention chirurgicale ? Quel a été le résultat, et votre façon de l'utiliser a-t-elle évolué à l'issue de cette formation ?","L'acide tranexamique est-il couramment disponible et utilisé dans votre établissement ? Si ce n'est pas le cas, quels sont les obstacles rencontrés, et en quoi une utilisation plus généralisée pourrait-elle améliorer les résultats cliniques des patients ?","","","FALSE","FALSE"
"41","Hand Trauma Reconstruction","Batch 2","Think of a patient with a hand injury you've managed. What was most challenging about their reconstruction, and how satisfied were you with the functional outcome?","What is the biggest gap in hand trauma care in your setting — is it surgical expertise, rehabilitation, or access to follow-up?","","Questions need to be added into the reflection forum.","FALSE","FALSE"
"42","Personal Protective Equipment (PPE)","Batch 2","Reflect on your daily use of PPE in the clinical setting. Are there situations where you feel the right protection isn't available or isn't being used correctly?","Have you ever felt unsafe due to inadequate PPE? How did you handle it, and what changes would you advocate for in your workplace?","","Reflection Forum not created.","FALSE","FALSE"
"43","Pulse Oximetry","Batch 2","How reliant is your clinical practice on pulse oximetry for patient monitoring? Have you ever encountered a situation where the reading was misleading?","Is pulse oximetry reliably available for all patients in your facility? If not, how do you monitor oxygenation, and what impact does this have on safety?","","","FALSE","FALSE"
"44","Pulse Oximetry in the Context of COVID-19","Batch 2","During the COVID-19 pandemic, did you notice changes in how pulse oximetry was used in your setting? What did you learn from those experiences?","How has the pandemic changed your approach to monitoring and triaging patients with respiratory symptoms in your practice?","","","FALSE","FALSE"
"45","Conversion of Labour Epidural Analgesia to Anaesthesia for Caesarean Delivery","Batch 2","Have you had to convert a labour epidural to surgical anaesthesia for an emergency caesarean? How smoothly did it go, and what challenges did you face?","What factors in your setting — staffing, equipment, communication — most affect your ability to quickly convert epidural analgesia to anaesthesia when needed?","","","FALSE","FALSE"
"46","Perioperative Blood Management in the Pediatric Patient","Batch 2","Have you managed significant intraoperative blood loss in a paediatric patient? What strategies did you use, and what would you do differently?","What blood conservation and transfusion protocols exist for children in your facility, and are they consistently followed?","","","FALSE","FALSE"
"47","Ultrasound-Guided Femoral Nerve Block","Batch 2","Have you performed or assisted with a femoral nerve block? How did ultrasound guidance change the procedure compared to landmark techniques?","How do you currently manage postoperative pain after femoral or knee surgery in your setting, and where does nerve block fit in?","","","FALSE","FALSE"
"48","Perioperative Nursing E-Learning Foundational Programme (PeN Programme)","Batch 2","Which module in this programme addressed a gap you've felt in your own perioperative nursing practice? How will you apply what you learned?","What aspect of perioperative nursing do you find hardest to maintain in your facility, and how does this programme help you advocate for better standards?","","Reflection Forum not created.","FALSE","TRUE"
"49","Communication Skills for Telephone Consultations","Batch 3","Have you given or received a telephone consultation that didn't go as planned? What was missing from that interaction, and how would you approach it differently?","How do you ensure safety and accuracy when assessing a patient you cannot see? What strategies do you use in your phone consultations?","","Reflection Forum not created.","FALSE","TRUE"
"50","Video Consultations","Batch 3","Have you ever conducted or participated in a video consultation? What worked well, and what made it harder than an in-person visit?","Which types of patients in your practice do you think would most benefit from video consultations, and what barriers prevent you from offering them?","","Reflection Forum not created.","FALSE","TRUE"
"51","Safe Clinical Handover","Batch 3","Think of a time when a handover — at shift change, between departments, or at discharge — didn't go smoothly. What happened, and what was the impact on the patient?","What handover practices in your workplace feel most reliable, and which feel most at risk of leading to a missed detail?","","Reflection Forum not created.","FALSE","TRUE"
"52","Rectal Cancer Surgery","Batch 3","Have you been involved in surgery for rectal cancer? What was the most technically challenging aspect of the procedure?","How does access to colorectal oncology services — staging, multidisciplinary teams, and follow-up — affect outcomes for your patients with rectal cancer?","","Reflection Forum not created.","FALSE","TRUE"
"53","Pancreatic Cancer Surgery","Batch 3","Have you managed or referred a patient with pancreatic cancer? What was most complex about their surgical planning and care?","What barriers do patients in your setting face in accessing timely diagnosis and surgical treatment for pancreatic cancer?","","Reflection Forum not created.","FALSE","TRUE"
"54","Colon Cancer Surgery","Batch 3","Think of a patient you've cared for with colon cancer. What factors most influenced the surgical plan and outcome?","How does your facility approach colon cancer surgery — are there multidisciplinary team discussions, and what happens when specialist input isn't available?","","Reflection Forum not created.","FALSE","TRUE"
"55","Breast Cancer Surgery","Batch 3","Have you cared for a patient undergoing breast cancer surgery? How was the decision made between breast-conserving surgery and mastectomy?","What challenges do patients with breast cancer face in your setting — in terms of diagnosis, access to surgery, or reconstruction options?","","Reflection Forum not created.","FALSE","TRUE"
"56","Vascular Malformations","Batch 3","Have you encountered a patient with a vascular malformation? How was the diagnosis made, and what treatment options were available?","What is the biggest challenge in managing vascular malformations in your setting — diagnosis, referral pathways, or access to treatment?","","","FALSE","FALSE"
"57","Pressure Sore Reconstruction","Batch 3","Have you cared for a patient with a pressure sore requiring reconstruction? What factors made their healing difficult?","What systems exist in your facility to prevent pressure sores, and what happens when a patient develops one despite preventive measures?","","","FALSE","FALSE"
"58","Adjuvant Medications for Peripheral Nerve Block","Batch 3","Have you used adjuvant medications to extend or improve the quality of a peripheral nerve block? What was your experience, and what influenced your choice?","How do you decide which adjuvants to use for regional anaesthesia in your practice, and what limitations affect your options?","","","FALSE","FALSE"
"59","Anaesthesia for Craniotomy and Brain Tumour Resection","Batch 3","Have you provided anaesthesia for a craniotomy or brain tumour resection? What aspect of the case required the most careful planning?","What intraoperative challenges do you most commonly face during neurosurgical cases in your setting, and how do you manage them?","","","FALSE","FALSE"
"60","Nerve Stimulation for Peripheral Nerve Blockade","Batch 3","Have you used nerve stimulation for peripheral nerve blocks? How did the technique compare to landmark or ultrasound-guided approaches in your experience?","In settings without reliable ultrasound access, how do you ensure the safety and accuracy of peripheral nerve blocks?","","","FALSE","FALSE"
"61","Obstetrics in the Setting of Remote Retrieval Medicine","Batch 4","Have you ever managed an obstetric emergency in a remote or resource-limited setting? What was your biggest challenge in accessing help or specialist care?","What preparation would make you feel more confident managing an obstetric emergency before specialist retrieval arrives?","","","FALSE","FALSE"
"62","Anaesthesia for Posterior Cranial Fossa Surgery","Batch 4","Have you provided anaesthesia for posterior fossa surgery? What positioning or airway challenges did you encounter, and how did you manage them?","What special considerations do you factor into your anaesthetic plan for patients undergoing posterior cranial fossa surgery in your setting?","","","FALSE","FALSE"
"63","Understanding Local Anaesthetic Systemic Toxicity (LAST)","Batch 4","Have you ever suspected or managed a case of local anaesthetic systemic toxicity? What were the early signs, and how quickly were you able to respond?","Is your facility prepared to manage LAST — do you have lipid emulsion available and does your team know the protocol? What would you do if not?","","","FALSE","FALSE"
"64","Understanding Capnography","Batch 4","Think of a time when capnography gave you information that changed your clinical decision. What did you learn from that experience?","Is capnography reliably available in your practice? If not, how do you monitor ventilation and detect problems like oesophageal intubation?","","","FALSE","FALSE"
"65","Understanding Arterial Blood Pressure Measurement","Batch 4","Have you ever had a blood pressure reading that didn't match the clinical picture? How did you investigate, and what did you find?","How does your practice approach blood pressure monitoring for critically ill patients — when do you move from non-invasive to invasive monitoring, and what determines that decision?","","","FALSE","FALSE"
"66","Principles of Regional Anaesthesia in Children","Batch 4","Have you performed regional anaesthesia in a paediatric patient? What differences did you notice compared to adults in terms of technique or dosing?","How do you approach parental consent and a child's own understanding when planning regional anaesthesia in your practice?","","","FALSE","FALSE"
"67","Practical Considerations to Access the Epidural Space","Batch 4","Think of a challenging epidural insertion you've performed or observed. What made it difficult, and how did you work through it?","What factors in your setting — patient population, equipment, positioning — most affect your success rate with epidural placement?","","","FALSE","FALSE"
"68","Speaking Up in the Operating Room: Escalating Concerns","Batch 4","Have you ever felt uncomfortable speaking up about a safety concern in the operating room? What made it hard, and what happened as a result?","What does the culture in your operating room feel like when it comes to raising concerns? What would make it easier for everyone to speak up, regardless of seniority?","","","FALSE","FALSE"
"69","Perioperative Medicine: An Overview","Batch 4","How does your facility approach perioperative medical optimisation? Are there patients you feel aren't being adequately prepared for surgery?","What is the most common perioperative medical complication you encounter in your practice, and how do you currently manage it?","","","FALSE","FALSE"
"70","Oral Health in Comprehensive Cleft Care: Oral Health Professionals","Batch 4","Have you been part of a multidisciplinary cleft care team? How well was oral health integrated into the overall management plan?","What barriers do patients with cleft lip and palate face in accessing dental and oral health care in your setting?","","","FALSE","FALSE"
"71","Anaesthesia for Tissue Free-Flap Surgery","Batch 4","Have you provided anaesthesia for a free flap case? What intraoperative priorities — perfusion, temperature, fluid management — felt most critical?","How do you manage communication between the surgical and anaesthesia team during free flap surgery to ensure flap survival?","","","FALSE","FALSE"
"72","Fascia Iliaca Compartment Block: An Update","Batch 4","How has your understanding of the fascia iliaca block changed since this update, and how will it affect how you perform or teach the block?","In what clinical situations do you find the fascia iliaca block most useful, and are there cases where you've avoided it — if so, why?","","","FALSE","FALSE"
"73","Acute Burn Care","Batch 5","Think of a patient with acute burns you've managed. What was your biggest challenge in the first 24 hours of their care?","How does your facility handle burn resuscitation and wound assessment? What resources or protocols are missing that would improve care?","","","FALSE","FALSE"
"74","Head and Neck Reconstruction","Batch 5","Have you been involved in a head and neck reconstruction case? What factors most influenced the choice of reconstructive technique?","What challenges do patients undergoing head and neck reconstruction face in your setting — functional, aesthetic, or psychosocial?","","","FALSE","FALSE"
"75","Facial Paralysis","Batch 5","Have you cared for a patient with facial paralysis? How did their condition affect them beyond the physical — emotionally, socially, professionally?","What treatment options for facial paralysis are realistically available in your setting, and how do you counsel patients when ideal options aren't accessible?","","","FALSE","FALSE"
"76","Breast Reconstruction","Batch 5","Have you been involved in or referred a patient for breast reconstruction after mastectomy? How was the timing and type of reconstruction decided?","What do women in your setting typically know about breast reconstruction options before surgery, and how do you approach that conversation?","","","FALSE","FALSE"
"77","Nasal Reconstruction","Batch 5","Think of a patient who required nasal reconstruction. What was the most complex aspect of planning and executing the repair?","How do you balance aesthetic and functional outcomes in nasal reconstruction, especially when resources are limited?","","","FALSE","FALSE"
"78","Cleft Lip and Palate","Batch 5","Have you cared for a child with cleft lip and/or palate, or been part of a repair team? What aspect of their management was most complex?","What does the multidisciplinary care pathway for cleft patients look like in your setting, and where are the biggest gaps?","","","FALSE","FALSE"
"79","Skin Cancer Reconstruction","Batch 5","Have you reconstructed a defect after skin cancer excision? What guided your choice of technique, and how satisfied were you with the result?","What challenges do patients in your setting face in getting timely skin cancer diagnosis and surgical treatment?","","","FALSE","FALSE"
"80","Ear Reconstruction","Batch 5","Have you performed or observed ear reconstruction? What was the most technically challenging aspect of the procedure?","How do you approach the psychological and social impact of ear deformity with your patients, particularly in children?","","","FALSE","FALSE"
"81","Lip and Cheek Reconstruction","Batch 5","Think of a patient who required lip or cheek reconstruction after trauma or tumour removal. What were the functional and aesthetic goals, and how well were they achieved?","What reconstructive options are available to you for lip and cheek defects, and how do you adapt when preferred techniques aren't possible?","","","FALSE","FALSE"
"82","Z-Plasty","Batch 5","Have you performed a Z-plasty in your practice? What were the indications, and how did you determine the angle and limb lengths?","How do you explain Z-plasty to patients or families before the procedure — what outcomes do you emphasise, and how do you manage expectations?","","","FALSE","FALSE"
"83","BIG T Trauma Series – ED Thoracotomy","Batch 6","Have you ever been present for or performed an emergency department thoracotomy? What was the indication, and what was the outcome?","How does your team decide when an ED thoracotomy is indicated versus futile, and how is that decision communicated in the moment?","","","FALSE","FALSE"
"84","BIG T Trauma Series – Brain Death","Batch 6","Have you ever been involved in the assessment of brain death? What was the most challenging part — clinical, ethical, or communicating with the family?","How does your facility approach organ donation after brain death, and what barriers affect this process in your setting?","","","FALSE","FALSE"
"85","Trauma Surgery Video Atlas – Trauma Laparotomy","Batch 6","Have you performed an exploratory or damage control laparotomy for trauma? What was the most critical decision you had to make intraoperatively?","What aspects of trauma laparotomy technique do you feel least confident with, and how do you seek support or guidance in those situations?","","","FALSE","FALSE"
"86","All About Aseptic Technique","Batch 6","Have you ever witnessed a break in aseptic technique during a procedure? How was it identified, and how was it handled?","What is the biggest challenge to maintaining strict aseptic technique in your workplace — environment, staffing, training, or culture?","","","FALSE","FALSE"
"87","Preoperative Assessment","Batch 6","Think of a patient whose preoperative assessment revealed something unexpected that changed the surgical plan. What did you learn from that case?","How thorough is your facility's preoperative assessment process? What is commonly missed, and what would improve it?","","","FALSE","FALSE"
"88","Postoperative Assessment and Monitoring","Batch 6","Have you cared for a patient who deteriorated unexpectedly in the postoperative period? What early signs, if any, were present before the deterioration?","What monitoring is routinely available for postoperative patients in your setting, and what gaps concern you most?","","","FALSE","FALSE"
"89","CVAD Complications: Prevention and Management","Batch 6","Have you managed a complication related to a central venous access device — infection, thrombosis, or mechanical issue? How was it identified and handled?","What protocols does your facility use to prevent CVAD-associated infections, and how consistently are they followed?","","","FALSE","FALSE"
"90","Central Venous Access Devices (CVADs)","Batch 6","Think about a time you placed or assisted with placing a CVAD. What was the most technically challenging part, and how did you ensure safety?","How does your team decide which type of central venous access is most appropriate for a given patient and clinical situation?","","","FALSE","FALSE"
"91","Rural Urology Practice","Batch 6","What urological conditions do you most commonly encounter in your practice, and which ones feel hardest to manage without specialist support?","Have you had to manage a urological emergency without immediate access to a specialist? What did you do, and what would have helped you?","","","FALSE","FALSE"
"92","Chest Wall Reconstruction","Batch 6","Have you been involved in a chest wall reconstruction case? What was the indication, and what factors influenced the reconstructive plan?","What are the biggest challenges in achieving both structural stability and acceptable aesthetics in chest wall reconstruction in your setting?","","","FALSE","FALSE"
"93","Burn Reconstruction","Batch 6","Have you managed a patient requiring burn reconstruction for contractures or scarring? What was the most difficult aspect of planning or executing the procedure?","How long after the initial burn injury do your patients typically wait before accessing reconstructive surgery, and how does this affect outcomes?","","","FALSE","FALSE"
"94","Triage and Resuscitation","Batch 7","Think of a mass casualty or multi-patient scenario you've been involved in. How was triage conducted, and what would you do differently?","What triage system does your facility use, and how confident are you that your team can implement it effectively under pressure?","","","FALSE","FALSE"
"95","Head and Neck Trauma","Batch 7","Have you managed a patient with significant head and neck trauma? What was your biggest concern in their initial assessment?","What are the most common causes of head and neck trauma in your setting, and does your facility have clear protocols for managing the airway in these patients?","","","FALSE","FALSE"
"96","Chemical and Radiation Injuries","Batch 7","Have you ever cared for a patient with a chemical or radiation injury? What challenges did you face in their management?","How prepared is your facility to identify and safely manage chemical or radiation exposure — in terms of protocols, equipment, and staff training?","","","FALSE","FALSE"
"97","Burns","Batch 7","Think of a patient with moderate to severe burns you've cared for. What aspect of their management was most challenging in the first 48 hours?","How does your facility's capacity to manage burns affect how you prioritise and plan care for these patients?","","","FALSE","FALSE"
"98","Blast Injuries","Batch 7","Have you cared for a patient with blast injuries? What made their management different from other trauma cases?","What does your facility's preparation look like for managing blast or mass casualty trauma — and where are the biggest gaps?","","","FALSE","FALSE"
"99","Infection Control and Prevention 2023","Batch 7","Have you encountered a healthcare-associated infection in your unit that could have been prevented? What do you think led to it?","What infection control practices are hardest to maintain consistently in your facility, and what would make them easier to follow?","","","FALSE","FALSE"
"100","Emergency Checklists in Anaesthesia Practice","Batch 7","Have you ever used an emergency checklist during a crisis in the operating room? Did it help, and was it easy to access when you needed it?","What is your honest assessment of checklist use in your anaesthesia practice — are they used consistently, and if not, what gets in the way?","","","FALSE","FALSE"
"101","Drug Errors in Anaesthesia 2023","Batch 7","Have you ever made or witnessed a drug error in anaesthesia practice? What contributed to it, and what happened as a result?","What systems exist in your workplace to prevent drug errors, and what additional safeguards do you think would make the biggest difference?","","","FALSE","FALSE"
"102","Difficult Airway Algorithm 2023","Batch 7","Have you managed a difficult or failed airway? Walk through how it happened — what helped, what didn't, and what you'd do differently?","How familiar is your team with the current difficult airway algorithm, and does your facility have the necessary equipment for each step?","","","FALSE","FALSE"
"103","Surgical Skills – Suturing: Vertical Mattress","Batch 7","When do you choose a vertical mattress suture over other techniques in your practice, and how has your approach to wound closure evolved?","Think of a wound where you weren't happy with the final closure. What would you do differently using what you've learned?","","","FALSE","FALSE"
"104","Surgical Skills – Suturing: Horizontal Mattress","Batch 7","When do you use a horizontal mattress suture, and what are the most common mistakes you've seen in its application?","How do you teach suturing technique to junior colleagues or students in your setting, and what do they find hardest to master?","","","FALSE","FALSE"
"105","1-Handed Knot-Tying (Right and Left Handed)","Batch 7","How confident are you with one-handed knot-tying in both hands, and what situations in your practice require this skill most often?","What is the most common knot-tying mistake you see in your trainees, and how do you help them correct it?","","","FALSE","FALSE"
"106","2-Handed Knot-Tying (Right and Left Handed)","Batch 7","How do you decide when to use a two-handed tie versus other techniques during surgery, and does the depth or access of the field influence your choice?","How much deliberate practice in knot-tying do you think is realistic for trainees in your setting, and what methods work best?","","","FALSE","FALSE"
"107","Basic Communication Skills for Frontline Healthcare Workers","Batch 8","Think of a difficult conversation with a patient or family member that didn't go well. What would you do differently using the communication skills from this course?","What aspect of clinical communication do you find hardest in your day-to-day practice — breaking bad news, gaining informed consent, or something else?","","","FALSE","FALSE"
"108","Hand Washing, Asepsis, Disinfection and Sterilization","Batch 8","How consistently is hand hygiene practised in your facility, and what are the most common moments when it gets skipped?","Have you ever seen a patient develop a preventable infection linked to a failure in hand hygiene or sterilisation? What did that experience teach you?","","","FALSE","FALSE"
"109","Basic Principles of Wound Management","Batch 8","Think of a wound that took longer to heal than expected. What factors contributed to the delay, and what would you do differently?","What wound management resources are reliably available in your setting, and how do you adapt when preferred dressings or supplies aren't available?","","","FALSE","FALSE"
"110","Suture Technique","Batch 8","Which suture technique from this course do you find most applicable to your everyday practice, and why?","What is the most common wound complication — dehiscence, infection, or poor scarring — that you see in your patients, and how does suture technique play a role?","","Reflection Forum not created yet.","FALSE","FALSE"
"111","Difficult Cesarean Section","Batch 8","Have you performed or assisted with a difficult caesarean — previous scarring, morbid adhesions, or abnormal placentation? What was the most challenging part?","How does your team prepare for and manage the risk of a difficult caesarean in your setting, and what support systems are in place?","","","FALSE","FALSE"
"112","Basic Cesarean Section","Batch 8","Think about the first caesarean section you performed or assisted with. What felt most unfamiliar, and how has your confidence grown since?","How do you ensure safety for both mother and baby during a caesarean in your setting, especially when things don't go as planned?","","","FALSE","FALSE"
"113","Basic Burn Management","Batch 8","Think of a patient with burns who came to your facility. What was your first priority, and how did you assess the severity of their injury?","What are the most common mistakes in early burn management that you've seen in your practice, and how do you try to prevent them?","","","FALSE","FALSE"
"114","Introduction to C-Arm Imaging and Radiation Safety in the Operating Room","Batch 9","How familiar were you with radiation safety practices before this course, and what is one thing you will change in your daily use of the C-arm?","How does your team currently manage radiation exposure in the operating room — do people wear dosimeters, and is protective equipment consistently used?","","","FALSE","FALSE"
"115","WHO Surgical Safety Checklist","Batch 9","How is the WHO Surgical Safety Checklist used in your operating room — is it performed as intended, or has it become routine without real engagement?","Have you ever seen the checklist catch something that could have led to harm? What happened, and how did it affect your team's attitude toward it?","","","FALSE","FALSE"
"116","Strategies for Implementing Reliable Systems","Batch 9","Think of a system in your workplace that frequently fails or is inconsistently followed. What do you think is the root cause, and how might you redesign it?","Have you ever tried to introduce a new process or protocol in your setting? What made it succeed or fail?","","","FALSE","FALSE"
"117","Safety Culture – Fundamentals of Patient Safety 2024","Batch 9","How would you describe the safety culture in your workplace — does your team feel comfortable reporting errors and near-misses without fear?","What is one specific thing you could do as an individual to help strengthen safety culture in your team, regardless of your role or seniority?","","","FALSE","FALSE"
"118","Medication Error Prevention – Fundamentals of Patient Safety 2024","Batch 9","Have you ever made or nearly made a medication error? What contributed to it, and what safeguards caught or could have caught it?","What changes to prescribing, dispensing, or administration processes in your facility would most reduce the risk of medication errors?","","","FALSE","FALSE"
"119","Interprofessional Communication – Fundamentals of Patient Safety 2024","Batch 9","Think of a situation where poor communication between professions — doctors, nurses, pharmacists — affected patient care. What went wrong, and what would have helped?","How well do different professional groups in your workplace communicate and collaborate, and what is one step you could take to improve it?","","","FALSE","FALSE"
"120","Error Analysis and Prevention – Fundamentals of Patient Safety 2024","Batch 9","Have you ever been involved in a root cause analysis or incident review? What did the process reveal that wasn't immediately obvious?","How does your facility respond when errors occur — is the focus on learning and system improvement, or on blame? How does that affect reporting?","","","FALSE","FALSE"
"121","Epidemiology – Fundamentals of Patient Safety 2024","Batch 9","Have you used epidemiological data in your clinical or public health practice? What did it reveal that changed how you approached a problem?","How are patient safety data and outcomes collected and used in your facility — and what would help you use them more effectively to improve care?","","","FALSE","FALSE"
"122","Communicating Effectively – Fundamentals of Patient Safety 2024","Batch 9","Think of a clinical miscommunication that led to — or nearly led to — patient harm. What would effective communication have looked like in that situation?","What is one communication habit or tool from this course that you want to start using in your practice, and what might get in the way?","","","FALSE","FALSE"
"123","C-Arm Intraoperative Imaging for Ankle Fractures","Batch 10","Have you used C-arm imaging for ankle fracture fixation? What did you find most challenging about obtaining and interpreting good intraoperative views?","How does access to intraoperative imaging in your setting affect the quality and confidence of your fracture reductions?","","","FALSE","FALSE"
"124","Surgical Instrument Testing and Inspection","Batch 10","Have you ever encountered a surgical instrument failure or malfunction during a procedure? What happened, and how was it managed?","What processes exist in your facility for instrument testing and inspection before procedures, and how consistently are they followed?","","","FALSE","FALSE"
"125","Esophageal Perforation","Batch 10","Have you managed a patient with oesophageal perforation? What was the most time-critical decision in their care?","How does your facility approach oesophageal perforation — are there clear pathways for surgical versus conservative management, and what determines the choice?","","","FALSE","FALSE"
"126","Obstetric Trauma","Batch 10","Have you managed obstetric trauma — from a road traffic accident, assault, or other cause? What aspect of care was most challenging?","How does your facility balance the needs of a pregnant trauma patient when maternal and fetal priorities may conflict?","","","FALSE","FALSE"
"127","Cardiac Trauma","Batch 10","Have you been involved in the management of cardiac trauma? What was the most critical step in the initial assessment?","What resources does your facility have for managing cardiac trauma — and what would you do if a patient presented with suspected cardiac injury and those resources weren't available?","","","FALSE","FALSE"
"128","Acute Mesenteric Ischemia","Batch 10","Have you managed a patient with acute mesenteric ischaemia? What made the diagnosis difficult, and how quickly were you able to act?","What factors in your setting — imaging availability, vascular surgical support, ICU capacity — most affect outcomes for patients with mesenteric ischaemia?","","","FALSE","FALSE"
"129","Informed Consent & Team Communication During Cesarean Section","Batch 11","How do you currently obtain informed consent for caesarean section in your setting — is there enough time, privacy, and support for the patient to make a truly informed decision?","Think of a case where communication within the team during a caesarean section broke down. What caused it, and what would have made it better?","","","FALSE","FALSE"
"130","Nursing Care Saves Lives","Draft Courses","Think of a patient outcome — good or bad — where nursing care made a decisive difference. What did nurses do (or not do) that shaped that outcome?","What do you think is the biggest gap between the nursing care your patients need and what is consistently delivered in your facility?","","","FALSE","FALSE"
"131","Acute and Chronic Pain","Draft Courses","How do you assess pain in your patients — do you feel confident that your assessment tools are capturing what patients are actually experiencing?","Have you cared for a patient with chronic pain who wasn't getting adequate relief? What barriers existed, and what would have helped?","","","FALSE","FALSE"
"132","Essential Surgical Skills","Draft Courses","Which surgical skill covered in this course do you feel most needs reinforcement in your own practice, and what would help you improve it?","How do you build and maintain surgical skills in your setting — through formal training, supervised practice, or another approach?","","","FALSE","FALSE"
"133","Management of Accidental Intra-Arterial Injections","Draft Courses","Have you ever been involved in a case of accidental intra-arterial injection? How was it recognised, and how was it managed?","What steps do you take in your practice to prevent accidental intra-arterial injections, and are these consistently followed by your team?","","","FALSE","FALSE"
"134","Implications of Anaesthesia on Cancer Surgery","Draft Courses","Has the type of anaesthesia — regional versus general — influenced decisions in cancer surgery in your practice? How was that conversation handled?","What do you think is the most underappreciated way in which anaesthesia can affect cancer outcomes, and how has this course changed your thinking?","","","FALSE","FALSE"
"135","Brainstem Reflexes During Neurosurgery: An Overview","Draft Courses","Have you monitored or been present during neurosurgery where brainstem reflexes were relevant? What was your role, and what did you observe?","How does your team communicate intraoperatively about neurophysiological changes — and what happens when an unexpected finding appears?","","","FALSE","FALSE"
"136","Prevention, Diagnosis, and Treatment of Fracture-Related Infections","Draft Courses","Have you managed a patient with a fracture-related infection? What made the diagnosis challenging, and what treatment approach did you use?","What risk factors for fracture-related infection are most common in your patient population, and what do you do to reduce them?","","","FALSE","FALSE"
"137","Distractions in the Operating Room","Draft Courses","Think of a time when a distraction in the operating room — noise, interruptions, unnecessary conversation — affected your focus. What was the impact?","What is the most common source of distraction in your operating room, and what practical steps could reduce it without disrupting team communication?","","","FALSE","FALSE"
"138","Cancer in the Context of Universal Health Coverage","Draft Courses","How does your patient population access cancer screening, diagnosis, and treatment — and where do the biggest gaps in coverage exist?","Think of a patient with cancer who faced barriers to treatment due to cost, geography, or lack of services. What did their journey look like, and what could have been different?","","","FALSE","FALSE"
"139","Wound Healing After Caesarean Section","Draft Courses","Have you managed a wound complication after caesarean section — infection, dehiscence, or poor healing? What factors contributed, and how was it treated?","How do you counsel patients before caesarean section about wound care and what to watch for after discharge?","","","FALSE","FALSE"
"140","Preoperative Assessment of Functional Capacity","Draft Courses","How do you currently assess a patient's functional capacity before surgery? What tools or questions do you find most useful in practice?","Have you ever cancelled or delayed a procedure because of concerns identified during preoperative functional assessment? What happened, and was the outcome better as a result?","","","FALSE","FALSE"
"141","Animal Bite and Insect Sting Injury","Draft Courses","Have you managed a patient with a serious animal bite or insect sting? What was the most critical decision in their initial management?","What is the most common animal bite or sting injury you see in your setting, and does your facility have the resources to manage severe reactions or infections?","","","FALSE","FALSE"
"142","Approach to Caesarean Section","Draft Courses","Think about a caesarean section that was more technically challenging than expected. What made it difficult, and how did you adapt your approach?","How do you make decisions about incision type and technique during caesarean section, and how does the clinical situation — urgency, previous scars, presentation — affect those choices?","","","FALSE","FALSE"
"143","Laparoscopic Appendectomy for Uncomplicated Appendicitis","Draft Courses","Have you performed laparoscopic appendectomy for uncomplicated appendicitis? How confident do you feel with the procedure, and what do you find most technically demanding?","How does your facility decide between laparoscopic and open appendectomy — and what factors in your setting influence that decision?","","","FALSE","FALSE"
"144","Laparoscopic Appendectomy for Complicated Appendicitis","Draft Courses","Have you managed complicated appendicitis laparoscopically — with perforation, abscess, or peritonitis? How did you approach the case, and when would you convert to open?","What are the biggest challenges in managing complicated appendicitis in your setting, and how do outcomes differ from uncomplicated cases?","","","FALSE","FALSE"
"145","Laparoscopic Cholecystectomy by Bangla Approach","Draft Courses","Have you used or observed the Bangla approach to laparoscopic cholecystectomy? How does it compare to your standard technique in terms of safety and ease?","What factors in your setting — equipment, training, patient anatomy — most affect the safety of laparoscopic cholecystectomy?","","","FALSE","FALSE"
"146","Laparoscopic Pyloromyotomy","Draft Courses","Have you performed or assisted with a laparoscopic pyloromyotomy? What was the most technically demanding part of the procedure?","How does your facility determine whether to approach pyloric stenosis laparoscopically or through open surgery, and what influences that decision?","","","FALSE","FALSE"
"147","Laparoscopic Repair of Inguinal Hernia","Draft Courses","Have you performed laparoscopic inguinal hernia repair? What do you find most technically challenging, and how does it compare to open repair in your practice?","How do you decide between TAPP and TEP approaches in your patients, and what factors — anatomy, previous surgery, resources — influence that decision?","","","FALSE","FALSE"
"148","Laparoscopy-Assisted Hydrostatic Reduction of Intussusception","Draft Courses","Have you managed a child with intussusception? How was the decision made between hydrostatic reduction and surgical intervention?","What resources does your facility have for managing intussusception in children, and what happens when imaging or non-operative reduction isn't available?","","","FALSE","FALSE"
"149","Laparoscopy-Assisted Orchiopexy","Draft Courses","Have you performed or observed laparoscopic orchiopexy? What is the most important factor in deciding the surgical approach for an undescended testis?","How does your setting handle the diagnosis and referral of children with undescended testes, and are there delays that affect outcomes?","","","FALSE","FALSE"
"150","Concomitant Brain and Spine Trauma","Draft Courses","Have you managed a patient with both brain and spinal cord injuries? How did you prioritise and coordinate their care?","What is the biggest challenge in your setting when managing polytrauma patients with neurological injuries — imaging, surgical capacity, or ICU support?","","","FALSE","FALSE"
"151","Perioperative Management of Patients Undergoing Orthopaedic Oncological Surgeries","Draft Courses","Have you been involved in the perioperative care of a patient undergoing orthopaedic tumour surgery? What made the anaesthetic or surgical management particularly complex?","What multidisciplinary support is available for orthopaedic oncology patients in your setting, and what gaps affect their care?","","","FALSE","FALSE"
"152","Burns: Resuscitation and Anaesthetic Management","Draft Courses","Have you provided anaesthesia for a patient with significant burns? What was the most challenging aspect of airway or haemodynamic management?","How does your facility approach the anaesthetic management of burn patients requiring multiple surgical procedures — what protocols or adaptations have you found most useful?","","","FALSE","FALSE"
"153","Abdominal Trauma","Draft Courses","Think of a patient with abdominal trauma you've managed. How was the decision made between operative and non-operative management?","What imaging and surgical resources does your facility have for abdominal trauma, and how do gaps in these resources affect patient outcomes?","","","FALSE","FALSE"
"154","Chest Trauma","Draft Courses","Think of a patient with significant chest trauma. What was your first clinical priority, and how did you assess for life-threatening injuries?","How does your facility manage tension pneumothorax, haemothorax, or flail chest — what works well, and where are the gaps?","","","FALSE","FALSE"
"155","Anaesthesia for Conflict Settings","Draft Courses","Have you provided anaesthesia in a resource-limited, austere, or conflict-affected environment? What adaptations did you have to make?","Which anaesthetic techniques and skills do you think are most essential when working in settings where standard equipment, drugs, or infrastructure may not be available?","","","FALSE","FALSE"
"156","Responding to Disaster","Draft Courses","Have you ever responded to a disaster or mass casualty event as part of a healthcare team? What was the biggest challenge in coordinating care?","How prepared do you feel — personally and as part of your team — to respond to a sudden disaster in your area? What training or resources would make the biggest difference?","","","FALSE","FALSE"
"157","Operative Techniques for Trauma Surgery","Draft Courses","Think of a trauma case where the operative technique you used was different from what you would have chosen in an elective setting. What drove that decision?","Which operative technique for trauma surgery do you feel least confident with in your current practice, and how do you seek guidance when you face it?","","","FALSE","FALSE"
"158","Orthopedic Trauma","Draft Courses","Have you managed a patient with complex orthopaedic trauma — multiple fractures, open injuries, or vascular compromise? What was your first priority?","How does your facility handle orthopaedic trauma cases requiring specialised implants or fixation — are these reliably available, and what happens when they're not?","","","FALSE","FALSE"
"159","Perioperative Management of Trauma Patients","Draft Courses","Think of a trauma patient you managed perioperatively. What aspect of their care — haemorrhage control, warming, coagulopathy management — was hardest to address?","How does your team approach damage control resuscitation and surgery for severely injured patients in your setting?","","","FALSE","FALSE"
"160","Ultrasound for Trauma","Draft Courses","Have you used FAST or extended FAST ultrasound in a trauma assessment? What did it change about your clinical decision-making?","Is point-of-care ultrasound reliably available in your emergency or trauma setting? If not, how does that affect how you manage undifferentiated shock?","","","FALSE","FALSE"
"161","A Comprehensive Approach to Financing Global Surgical Care","Draft Courses","Have you ever had a patient who couldn't access surgery because of cost? What happened to them, and how did it affect you as a clinician?","What do you think is the most important financial barrier to surgical access in your setting, and what advocacy or policy change would make the biggest difference?","","","FALSE","FALSE"
"162","Global Frugal Innovation Skills","Draft Courses","Have you ever adapted a piece of equipment or developed a workaround solution because of resource constraints? What was the problem, and what did you create or adapt?","What do you think is the most important quality for a healthcare innovator in a low-resource setting — creativity, persistence, collaboration, or something else?","","","FALSE","FALSE"
"163","template course (testing)","Batch 4","Have you ever adapted a piece of equipment or developed a workaround solution because of resource constraints? What was the problem, and what did you create or adapt?","What do you think is the most important quality for a healthcare innovator in a low-resource setting — creativity, persistence, collaboration, or something else?","","","FALSE","TRUE"